path,role,process,state,truth_source,downstream_target,exit_condition,post_exit_disposition,literal_code_consumers
AGENTS.md,global-asset,not-process,current,"current code, author inputs and accepted scope",current maintainers,replace only when implementation or accepted contract changes,maintain current entry; preserve historical evidence separately,
ammunition/README.md,global-asset,not-process,current,"current code, author inputs and accepted scope",current maintainers,replace only when implementation or accepted contract changes,maintain current entry; preserve historical evidence separately,tools/verify_ammunition_chain.py;tools/verify_native_ammo_retirement.py
changelog.md,ended-lifecycle-asset,process-closed,closed,corresponding dated source commit and frozen evidence,historical review,batch evidence retained; no current execution authorization,retain as traceback,build.gradle.kts
docs/assembly-experiment/README.md,global-asset,not-process,current,"current code, author inputs and accepted scope",current maintainers,replace only when implementation or accepted contract changes,maintain current entry; preserve historical evidence separately,
docs/assembly-experiment/adapter-authoring-migration.json,current-active-asset,process-active,working,frozen migration/source ledger and explicit successor records,tools/verify_adapter_integration.py,all executable consumers explicitly migrated and validation passes,retain at current path until consumers exit,tools/verify_adapter_integration.py
docs/assembly-experiment/adapter-evidence/adapter-cache-development-first.log,ended-lifecycle-asset,process-closed,closed,corresponding dated source commit and frozen evidence,historical review,batch evidence retained; no current execution authorization,retain as traceback,
docs/assembly-experiment/adapter-evidence/adapter-cache-development-reuse.log,ended-lifecycle-asset,process-closed,closed,corresponding dated source commit and frozen evidence,historical review,batch evidence retained; no current execution authorization,retain as traceback,
docs/assembly-experiment/adapter-evidence/adapter-cache-production-first.log,ended-lifecycle-asset,process-closed,closed,corresponding dated source commit and frozen evidence,historical review,batch evidence retained; no current execution authorization,retain as traceback,
docs/assembly-experiment/adapter-evidence/adapter-cache-production-reuse.log,ended-lifecycle-asset,process-closed,closed,corresponding dated source commit and frozen evidence,historical review,batch evidence retained; no current execution authorization,retain as traceback,
docs/assembly-experiment/adapter-evidence/adapter-final-build.log,ended-lifecycle-asset,process-closed,closed,corresponding dated source commit and frozen evidence,historical review,batch evidence retained; no current execution authorization,retain as traceback,
docs/assembly-experiment/adapter-evidence/adapter-final-host-development.log,ended-lifecycle-asset,process-closed,closed,corresponding dated source commit and frozen evidence,historical review,batch evidence retained; no current execution authorization,retain as traceback,
docs/assembly-experiment/adapter-evidence/adapter-final-host-production.log,ended-lifecycle-asset,process-closed,closed,corresponding dated source commit and frozen evidence,historical review,batch evidence retained; no current execution authorization,retain as traceback,
docs/assembly-experiment/adapter-evidence/adapter-public-tests.log,ended-lifecycle-asset,process-closed,closed,corresponding dated source commit and frozen evidence,historical review,batch evidence retained; no current execution authorization,retain as traceback,
docs/assembly-experiment/adapter-evidence/three-gun-comparison.json,ended-lifecycle-asset,process-closed,closed,corresponding dated source commit and frozen evidence,historical review,batch evidence retained; no current execution authorization,retain as traceback,
docs/assembly-experiment/adapter-integration-evidence.json,ended-lifecycle-asset,process-closed,closed,corresponding dated source commit and frozen evidence,historical review,batch evidence retained; no current execution authorization,retain as traceback,
docs/assembly-experiment/adapter-inventory.json,ended-lifecycle-asset,process-closed,closed,corresponding dated source commit and frozen evidence,historical review,batch evidence retained; no current execution authorization,retain as traceback,
docs/assembly-experiment/adapter-migration.json,current-active-asset,process-active,working,frozen migration/source ledger and explicit successor records,tools/test_adapter_hook_equivalence.py;tools/verify_adapter_integration.py;tools/verify_weapon_modules.py,all executable consumers explicitly migrated and validation passes,retain at current path until consumers exit,tools/test_adapter_hook_equivalence.py;tools/verify_adapter_integration.py;tools/verify_weapon_modules.py
docs/assembly-experiment/adapter-source-integration.json,current-active-asset,process-active,working,frozen migration/source ledger and explicit successor records,tools/adapter_migration.py;tools/weapon_migration.py,all executable consumers explicitly migrated and validation passes,retain at current path until consumers exit,tools/adapter_migration.py;tools/weapon_migration.py
docs/assembly-experiment/adapter合并交付.md,ended-lifecycle-asset,process-closed,closed,corresponding dated source commit and frozen evidence,historical review,batch evidence retained; no current execution authorization,retain as traceback,
docs/assembly-experiment/ammunition-cleanup.json,current-active-asset,process-active,working,frozen migration/source ledger and explicit successor records,tools/verify_ammunition_chain.py;tools/verify_extra_content.py;tools/verify_native_ammo_retirement.py,all executable consumers explicitly migrated and validation passes,retain at current path until consumers exit,tools/verify_ammunition_chain.py;tools/verify_extra_content.py;tools/verify_native_ammo_retirement.py
docs/assembly-experiment/ammunition-verification.json,ended-lifecycle-asset,process-closed,closed,corresponding dated source commit and frozen evidence,historical review,batch evidence retained; no current execution authorization,retain as traceback,
docs/assembly-experiment/canonical-firearm-cutover.md,global-asset,not-process,current,"current code, author inputs and accepted scope",current maintainers,replace only when implementation or accepted contract changes,maintain current entry; preserve historical evidence separately,
docs/assembly-experiment/native-ammo-retirement.json,current-active-asset,process-active,working,frozen migration/source ledger and explicit successor records,tools/verify_ammunition_chain.py;tools/verify_extra_content.py;tools/verify_native_ammo_retirement.py,all executable consumers explicitly migrated and validation passes,retain at current path until consumers exit,tools/verify_ammunition_chain.py;tools/verify_extra_content.py;tools/verify_native_ammo_retirement.py
docs/assembly-experiment/native-ammo-verification.json,ended-lifecycle-asset,process-closed,closed,corresponding dated source commit and frozen evidence,historical review,batch evidence retained; no current execution authorization,retain as traceback,
docs/assembly-experiment/native-attachments-delivery/README.md,ended-lifecycle-asset,process-closed,closed,corresponding dated source commit and frozen evidence,historical review,batch evidence retained; no current execution authorization,retain as traceback,
docs/assembly-experiment/native-attachments-delivery/evidence/delivery.json,ended-lifecycle-asset,process-closed,closed,corresponding dated source commit and frozen evidence,historical review,batch evidence retained; no current execution authorization,retain as traceback,
docs/assembly-experiment/native-attachments-delivery/evidence/magazines-blockbench.json,ended-lifecycle-asset,process-closed,closed,corresponding dated source commit and frozen evidence,historical review,batch evidence retained; no current execution authorization,retain as traceback,
docs/assembly-experiment/native-attachments-delivery/evidence/muzzles-blockbench.json,ended-lifecycle-asset,process-closed,closed,corresponding dated source commit and frozen evidence,historical review,batch evidence retained; no current execution authorization,retain as traceback,
docs/assembly-experiment/native-batch-one/README.md,ended-lifecycle-asset,process-closed,closed,corresponding dated source commit and frozen evidence,historical review,batch evidence retained; no current execution authorization,retain as traceback,
docs/assembly-experiment/native-batch-one/evidence/blockbench.json,ended-lifecycle-asset,process-closed,closed,corresponding dated source commit and frozen evidence,historical review,batch evidence retained; no current execution authorization,retain as traceback,
docs/assembly-experiment/native-batch-one/evidence/delivery.json,ended-lifecycle-asset,process-closed,closed,corresponding dated source commit and frozen evidence,historical review,batch evidence retained; no current execution authorization,retain as traceback,
docs/assembly-experiment/native-batch-one/evidence/m16a1-assembled-icon.png,ended-lifecycle-asset,process-closed,closed,corresponding dated source commit and frozen evidence,historical review,batch evidence retained; no current execution authorization,retain as traceback,
docs/assembly-experiment/native-batch-one/evidence/native-batch-final.log,ended-lifecycle-asset,process-closed,closed,corresponding dated source commit and frozen evidence,historical review,batch evidence retained; no current execution authorization,retain as traceback,
docs/assembly-experiment/native-batch-one/evidence/native-batch-host-dev-reuse.log,ended-lifecycle-asset,process-closed,closed,corresponding dated source commit and frozen evidence,historical review,batch evidence retained; no current execution authorization,retain as traceback,
docs/assembly-experiment/native-batch-one/evidence/native-batch-host-dev.log,ended-lifecycle-asset,process-closed,closed,corresponding dated source commit and frozen evidence,historical review,batch evidence retained; no current execution authorization,retain as traceback,
docs/assembly-experiment/native-batch-one/evidence/native-batch-host-prod-reuse.log,ended-lifecycle-asset,process-closed,closed,corresponding dated source commit and frozen evidence,historical review,batch evidence retained; no current execution authorization,retain as traceback,
docs/assembly-experiment/native-batch-one/evidence/native-batch-host-prod.log,ended-lifecycle-asset,process-closed,closed,corresponding dated source commit and frozen evidence,historical review,batch evidence retained; no current execution authorization,retain as traceback,
docs/assembly-experiment/native-batch-one/evidence/native-batch-stamp.log,ended-lifecycle-asset,process-closed,closed,corresponding dated source commit and frozen evidence,historical review,batch evidence retained; no current execution authorization,retain as traceback,
docs/assembly-experiment/native-batch-one/evidence/runtime-review.md,ended-lifecycle-asset,process-closed,closed,corresponding dated source commit and frozen evidence,historical review,batch evidence retained; no current execution authorization,retain as traceback,
docs/assembly-experiment/native-batch-one/evidence/scar_l-assembled-icon.png,ended-lifecycle-asset,process-closed,closed,corresponding dated source commit and frozen evidence,historical review,batch evidence retained; no current execution authorization,retain as traceback,
docs/assembly-experiment/native-batch-one/evidence/source-review.md,ended-lifecycle-asset,process-closed,closed,corresponding dated source commit and frozen evidence,historical review,batch evidence retained; no current execution authorization,retain as traceback,
docs/assembly-experiment/native-batch-one/evidence/ump45-assembled-icon.png,ended-lifecycle-asset,process-closed,closed,corresponding dated source commit and frozen evidence,historical review,batch evidence retained; no current execution authorization,retain as traceback,
docs/assembly-experiment/native-glock17-delivery/README.md,ended-lifecycle-asset,process-closed,closed,corresponding dated source commit and frozen evidence,historical review,batch evidence retained; no current execution authorization,retain as traceback,
docs/assembly-experiment/native-glock17-delivery/evidence/assembled-icon.png,ended-lifecycle-asset,process-closed,closed,corresponding dated source commit and frozen evidence,historical review,batch evidence retained; no current execution authorization,retain as traceback,
docs/assembly-experiment/native-glock17-delivery/evidence/blockbench.json,ended-lifecycle-asset,process-closed,closed,corresponding dated source commit and frozen evidence,historical review,batch evidence retained; no current execution authorization,retain as traceback,
docs/assembly-experiment/native-glock17-delivery/evidence/build.log,ended-lifecycle-asset,process-closed,closed,corresponding dated source commit and frozen evidence,historical review,batch evidence retained; no current execution authorization,retain as traceback,
docs/assembly-experiment/native-glock17-delivery/evidence/card-icon-fix.json,ended-lifecycle-asset,process-closed,closed,corresponding dated source commit and frozen evidence,historical review,batch evidence retained; no current execution authorization,retain as traceback,
docs/assembly-experiment/native-glock17-delivery/evidence/delivery.json,ended-lifecycle-asset,process-closed,closed,corresponding dated source commit and frozen evidence,historical review,batch evidence retained; no current execution authorization,retain as traceback,
docs/assembly-experiment/native-glock17-delivery/evidence/newmod-development-reuse.log,ended-lifecycle-asset,process-closed,closed,corresponding dated source commit and frozen evidence,historical review,batch evidence retained; no current execution authorization,retain as traceback,
docs/assembly-experiment/native-glock17-delivery/evidence/newmod-development.log,ended-lifecycle-asset,process-closed,closed,corresponding dated source commit and frozen evidence,historical review,batch evidence retained; no current execution authorization,retain as traceback,
docs/assembly-experiment/native-glock17-delivery/evidence/newmod-production-reuse.log,ended-lifecycle-asset,process-closed,closed,corresponding dated source commit and frozen evidence,historical review,batch evidence retained; no current execution authorization,retain as traceback,
docs/assembly-experiment/native-glock17-delivery/evidence/newmod-production.log,ended-lifecycle-asset,process-closed,closed,corresponding dated source commit and frozen evidence,historical review,batch evidence retained; no current execution authorization,retain as traceback,
docs/assembly-experiment/native-glock17-delivery/evidence/parts-contact-sheet.png,ended-lifecycle-asset,process-closed,closed,corresponding dated source commit and frozen evidence,historical review,batch evidence retained; no current execution authorization,retain as traceback,
docs/assembly-experiment/native-m4a1-delivery/README.md,ended-lifecycle-asset,process-closed,closed,corresponding dated source commit and frozen evidence,historical review,batch evidence retained; no current execution authorization,retain as traceback,
docs/assembly-experiment/native-m4a1-delivery/evidence/batch-artifact-verification.log,ended-lifecycle-asset,process-closed,closed,corresponding dated source commit and frozen evidence,historical review,batch evidence retained; no current execution authorization,retain as traceback,
docs/assembly-experiment/native-m4a1-delivery/evidence/batch-blockbench.json,ended-lifecycle-asset,process-closed,closed,corresponding dated source commit and frozen evidence,historical review,batch evidence retained; no current execution authorization,retain as traceback,
docs/assembly-experiment/native-m4a1-delivery/evidence/batch-build.log,ended-lifecycle-asset,process-closed,closed,corresponding dated source commit and frozen evidence,historical review,batch evidence retained; no current execution authorization,retain as traceback,
docs/assembly-experiment/native-m4a1-delivery/evidence/batch-delivery.json,ended-lifecycle-asset,process-closed,closed,corresponding dated source commit and frozen evidence,historical review,batch evidence retained; no current execution authorization,retain as traceback,
docs/assembly-experiment/native-m4a1-delivery/evidence/batch-final-build.log,ended-lifecycle-asset,process-closed,closed,corresponding dated source commit and frozen evidence,historical review,batch evidence retained; no current execution authorization,retain as traceback,
docs/assembly-experiment/native-m4a1-delivery/evidence/batch-newmod-development-reuse.log,ended-lifecycle-asset,process-closed,closed,corresponding dated source commit and frozen evidence,historical review,batch evidence retained; no current execution authorization,retain as traceback,
docs/assembly-experiment/native-m4a1-delivery/evidence/batch-newmod-development.log,ended-lifecycle-asset,process-closed,closed,corresponding dated source commit and frozen evidence,historical review,batch evidence retained; no current execution authorization,retain as traceback,
docs/assembly-experiment/native-m4a1-delivery/evidence/batch-newmod-production-reuse.log,ended-lifecycle-asset,process-closed,closed,corresponding dated source commit and frozen evidence,historical review,batch evidence retained; no current execution authorization,retain as traceback,
docs/assembly-experiment/native-m4a1-delivery/evidence/batch-newmod-production.log,ended-lifecycle-asset,process-closed,closed,corresponding dated source commit and frozen evidence,historical review,batch evidence retained; no current execution authorization,retain as traceback,
docs/assembly-experiment/native-m4a1-delivery/evidence/blockbench-components.json,ended-lifecycle-asset,process-closed,closed,corresponding dated source commit and frozen evidence,historical review,batch evidence retained; no current execution authorization,retain as traceback,
docs/assembly-experiment/native-m4a1-delivery/evidence/delivery.json,ended-lifecycle-asset,process-closed,closed,corresponding dated source commit and frozen evidence,historical review,batch evidence retained; no current execution authorization,retain as traceback,
docs/assembly-experiment/native-m4a1-delivery/evidence/display-artifact-verification.log,ended-lifecycle-asset,process-closed,closed,corresponding dated source commit and frozen evidence,historical review,batch evidence retained; no current execution authorization,retain as traceback,
docs/assembly-experiment/native-m4a1-delivery/evidence/display-bare-receiver.png,ended-lifecycle-asset,process-closed,closed,corresponding dated source commit and frozen evidence,historical review,batch evidence retained; no current execution authorization,retain as traceback,
docs/assembly-experiment/native-m4a1-delivery/evidence/display-build.log,ended-lifecycle-asset,process-closed,closed,corresponding dated source commit and frozen evidence,historical review,batch evidence retained; no current execution authorization,retain as traceback,
docs/assembly-experiment/native-m4a1-delivery/evidence/display-delivery.json,ended-lifecycle-asset,process-closed,closed,corresponding dated source commit and frozen evidence,historical review,batch evidence retained; no current execution authorization,retain as traceback,
docs/assembly-experiment/native-m4a1-delivery/evidence/display-final-build.log,ended-lifecycle-asset,process-closed,closed,corresponding dated source commit and frozen evidence,historical review,batch evidence retained; no current execution authorization,retain as traceback,
docs/assembly-experiment/native-m4a1-delivery/evidence/display-full.png,ended-lifecycle-asset,process-closed,closed,corresponding dated source commit and frozen evidence,historical review,batch evidence retained; no current execution authorization,retain as traceback,
docs/assembly-experiment/native-m4a1-delivery/evidence/display-newmod-development-reuse.log,ended-lifecycle-asset,process-closed,closed,corresponding dated source commit and frozen evidence,historical review,batch evidence retained; no current execution authorization,retain as traceback,
docs/assembly-experiment/native-m4a1-delivery/evidence/display-newmod-development.log,ended-lifecycle-asset,process-closed,closed,corresponding dated source commit and frozen evidence,historical review,batch evidence retained; no current execution authorization,retain as traceback,
docs/assembly-experiment/native-m4a1-delivery/evidence/display-newmod-production-reuse.log,ended-lifecycle-asset,process-closed,closed,corresponding dated source commit and frozen evidence,historical review,batch evidence retained; no current execution authorization,retain as traceback,
docs/assembly-experiment/native-m4a1-delivery/evidence/display-newmod-production.log,ended-lifecycle-asset,process-closed,closed,corresponding dated source commit and frozen evidence,historical review,batch evidence retained; no current execution authorization,retain as traceback,
docs/assembly-experiment/native-m4a1-delivery/evidence/display-no-stock.png,ended-lifecycle-asset,process-closed,closed,corresponding dated source commit and frozen evidence,historical review,batch evidence retained; no current execution authorization,retain as traceback,
docs/assembly-experiment/native-m4a1-delivery/evidence/editable-delivery.json,ended-lifecycle-asset,process-closed,closed,corresponding dated source commit and frozen evidence,historical review,batch evidence retained; no current execution authorization,retain as traceback,
docs/assembly-experiment/native-m4a1-delivery/evidence/experiment-build.log,ended-lifecycle-asset,process-closed,closed,corresponding dated source commit and frozen evidence,historical review,batch evidence retained; no current execution authorization,retain as traceback,
docs/assembly-experiment/native-m4a1-delivery/evidence/icon-build.log,ended-lifecycle-asset,process-closed,closed,corresponding dated source commit and frozen evidence,historical review,batch evidence retained; no current execution authorization,retain as traceback,
docs/assembly-experiment/native-m4a1-delivery/evidence/icon-comparison.png,ended-lifecycle-asset,process-closed,closed,corresponding dated source commit and frozen evidence,historical review,batch evidence retained; no current execution authorization,retain as traceback,
docs/assembly-experiment/native-m4a1-delivery/evidence/icon-delivery.json,ended-lifecycle-asset,process-closed,closed,corresponding dated source commit and frozen evidence,historical review,batch evidence retained; no current execution authorization,retain as traceback,
docs/assembly-experiment/native-m4a1-delivery/evidence/icon-final-build.log,ended-lifecycle-asset,process-closed,closed,corresponding dated source commit and frozen evidence,historical review,batch evidence retained; no current execution authorization,retain as traceback,
docs/assembly-experiment/native-m4a1-delivery/evidence/icon-newmod-development-reuse.log,ended-lifecycle-asset,process-closed,closed,corresponding dated source commit and frozen evidence,historical review,batch evidence retained; no current execution authorization,retain as traceback,
docs/assembly-experiment/native-m4a1-delivery/evidence/icon-newmod-development.log,ended-lifecycle-asset,process-closed,closed,corresponding dated source commit and frozen evidence,historical review,batch evidence retained; no current execution authorization,retain as traceback,
docs/assembly-experiment/native-m4a1-delivery/evidence/icon-newmod-production-reuse.log,ended-lifecycle-asset,process-closed,closed,corresponding dated source commit and frozen evidence,historical review,batch evidence retained; no current execution authorization,retain as traceback,
docs/assembly-experiment/native-m4a1-delivery/evidence/icon-newmod-production.log,ended-lifecycle-asset,process-closed,closed,corresponding dated source commit and frozen evidence,historical review,batch evidence retained; no current execution authorization,retain as traceback,
docs/assembly-experiment/native-m4a1-delivery/evidence/m4-editable-final-build.log,ended-lifecycle-asset,process-closed,closed,corresponding dated source commit and frozen evidence,historical review,batch evidence retained; no current execution authorization,retain as traceback,
docs/assembly-experiment/native-m4a1-delivery/evidence/m4-editable-generation.log,ended-lifecycle-asset,process-closed,closed,corresponding dated source commit and frozen evidence,historical review,batch evidence retained; no current execution authorization,retain as traceback,
docs/assembly-experiment/native-m4a1-delivery/evidence/m4-editable-newmod-development-reuse.log,ended-lifecycle-asset,process-closed,closed,corresponding dated source commit and frozen evidence,historical review,batch evidence retained; no current execution authorization,retain as traceback,
docs/assembly-experiment/native-m4a1-delivery/evidence/m4-editable-newmod-development.log,ended-lifecycle-asset,process-closed,closed,corresponding dated source commit and frozen evidence,historical review,batch evidence retained; no current execution authorization,retain as traceback,
docs/assembly-experiment/native-m4a1-delivery/evidence/m4-editable-newmod-production-reuse.log,ended-lifecycle-asset,process-closed,closed,corresponding dated source commit and frozen evidence,historical review,batch evidence retained; no current execution authorization,retain as traceback,
docs/assembly-experiment/native-m4a1-delivery/evidence/m4-editable-newmod-production.log,ended-lifecycle-asset,process-closed,closed,corresponding dated source commit and frozen evidence,historical review,batch evidence retained; no current execution authorization,retain as traceback,
docs/assembly-experiment/native-m4a1-delivery/evidence/native-mainline-development-reuse.log,ended-lifecycle-asset,process-closed,closed,corresponding dated source commit and frozen evidence,historical review,batch evidence retained; no current execution authorization,retain as traceback,
docs/assembly-experiment/native-m4a1-delivery/evidence/native-mainline-development.log,ended-lifecycle-asset,process-closed,closed,corresponding dated source commit and frozen evidence,historical review,batch evidence retained; no current execution authorization,retain as traceback,
docs/assembly-experiment/native-m4a1-delivery/evidence/native-mainline-production-reuse.log,ended-lifecycle-asset,process-closed,closed,corresponding dated source commit and frozen evidence,historical review,batch evidence retained; no current execution authorization,retain as traceback,
docs/assembly-experiment/native-m4a1-delivery/evidence/native-mainline-production.log,ended-lifecycle-asset,process-closed,closed,corresponding dated source commit and frozen evidence,historical review,batch evidence retained; no current execution authorization,retain as traceback,
docs/assembly-experiment/native-m4a1-delivery/evidence/native-workbench-final-build.log,ended-lifecycle-asset,process-closed,closed,corresponding dated source commit and frozen evidence,historical review,batch evidence retained; no current execution authorization,retain as traceback,
docs/assembly-experiment/native-m4a1-delivery/evidence/preset-delivery.json,ended-lifecycle-asset,process-closed,closed,corresponding dated source commit and frozen evidence,historical review,batch evidence retained; no current execution authorization,retain as traceback,
docs/assembly-experiment/native-m4a1-delivery/evidence/remaining-blockbench.json,ended-lifecycle-asset,process-closed,closed,corresponding dated source commit and frozen evidence,historical review,batch evidence retained; no current execution authorization,retain as traceback,
docs/assembly-experiment/native-m4a1-delivery/evidence/remaining-delivery.json,ended-lifecycle-asset,process-closed,closed,corresponding dated source commit and frozen evidence,historical review,batch evidence retained; no current execution authorization,retain as traceback,
docs/assembly-experiment/native-m4a1-delivery/evidence/rk1-direction.json,ended-lifecycle-asset,process-closed,closed,corresponding dated source commit and frozen evidence,historical review,batch evidence retained; no current execution authorization,retain as traceback,
docs/assembly-experiment/native-m4a1-delivery/evidence/workbench-delivery.json,ended-lifecycle-asset,process-closed,closed,corresponding dated source commit and frozen evidence,historical review,batch evidence retained; no current execution authorization,retain as traceback,
docs/assembly-experiment/native-m4a1-delivery/临时预设编辑.md,ended-lifecycle-asset,process-closed,closed,corresponding dated source commit and frozen evidence,historical review,batch evidence retained; no current execution authorization,retain as traceback,
docs/assembly-experiment/native-m4a1-delivery/整枪显示链路.md,ended-lifecycle-asset,process-closed,closed,corresponding dated source commit and frozen evidence,historical review,batch evidence retained; no current execution authorization,retain as traceback,
docs/assembly-experiment/native-m4a1-delivery/非瞄具批量与框架加固.md,ended-lifecycle-asset,process-closed,closed,corresponding dated source commit and frozen evidence,historical review,batch evidence retained; no current execution authorization,retain as traceback,
docs/assembly-experiment/native-m4a1-delivery/默认配件导入复盘.md,ended-lifecycle-asset,process-closed,closed,corresponding dated source commit and frozen evidence,historical review,batch evidence retained; no current execution authorization,retain as traceback,
docs/assembly-experiment/native-m4a1-integration.json,current-active-asset,process-active,working,frozen migration/source ledger and explicit successor records,tools/native_m4a1/update_ledger.py;tools/native_m4a1_migration.py,all executable consumers explicitly migrated and validation passes,retain at current path until consumers exit,tools/native_m4a1/update_ledger.py;tools/native_m4a1_migration.py
docs/assembly-experiment/native-m4a1-review/README.md,ended-lifecycle-asset,process-closed,closed,corresponding dated source commit and frozen evidence,historical review,batch evidence retained; no current execution authorization,retain as traceback,
docs/assembly-experiment/native-m4a1-review/audit.json,current-active-asset,process-active,working,frozen migration/source ledger and explicit successor records,tools/native_m4a1/export_parts.py,all executable consumers explicitly migrated and validation passes,retain at current path until consumers exit,tools/native_m4a1/export_parts.py
docs/assembly-experiment/native-m4a1-review/audit.py,ended-lifecycle-asset,process-closed,closed,corresponding dated source commit and frozen evidence,historical review,batch evidence retained; no current execution authorization,retain as traceback,
docs/assembly-experiment/native-m4a1-review/native-default-ownership.png,ended-lifecycle-asset,process-closed,closed,corresponding dated source commit and frozen evidence,historical review,batch evidence retained; no current execution authorization,retain as traceback,
docs/assembly-experiment/native-m4a1-review/ownership-proposal.json,current-active-asset,process-active,working,frozen migration/source ledger and explicit successor records,tools/native_m4a1/export_parts.py,all executable consumers explicitly migrated and validation passes,retain at current path until consumers exit,tools/native_m4a1/export_parts.py
docs/assembly-experiment/native-m4a1-review/receiver-groups.png,ended-lifecycle-asset,process-closed,closed,corresponding dated source commit and frozen evidence,historical review,batch evidence retained; no current execution authorization,retain as traceback,
docs/assembly-experiment/native-m4a1-review/source-evidence.json,ended-lifecycle-asset,process-closed,closed,corresponding dated source commit and frozen evidence,historical review,batch evidence retained; no current execution authorization,retain as traceback,
docs/assembly-experiment/native-m4a1-review/supplement-evidence.json,ended-lifecycle-asset,process-closed,closed,corresponding dated source commit and frozen evidence,historical review,batch evidence retained; no current execution authorization,retain as traceback,
docs/assembly-experiment/native-m4a1-review/supplement.py,ended-lifecycle-asset,process-closed,closed,corresponding dated source commit and frozen evidence,historical review,batch evidence retained; no current execution authorization,retain as traceback,
docs/assembly-experiment/native-m4a1-review/补查结论.md,ended-lifecycle-asset,process-closed,closed,corresponding dated source commit and frozen evidence,historical review,batch evidence retained; no current execution authorization,retain as traceback,
docs/assembly-experiment/native-remaining/README.md,current-active-asset,process-active,awaiting-review,corresponding dated source commit and frozen evidence,historical ten-gun/workbench acceptance reconciliation,locate explicit owner acceptance for final workbench repair; optics acceptance is insufficient,retain evidence and deferred renderer condition,
docs/assembly-experiment/native-remaining/evidence/blockbench-other.json,current-active-asset,process-active,awaiting-review,corresponding dated source commit and frozen evidence,historical ten-gun/workbench acceptance reconciliation,locate explicit owner acceptance for final workbench repair; optics acceptance is insufficient,retain evidence and deferred renderer condition,
docs/assembly-experiment/native-remaining/evidence/blockbench-rifles.json,current-active-asset,process-active,awaiting-review,corresponding dated source commit and frozen evidence,historical ten-gun/workbench acceptance reconciliation,locate explicit owner acceptance for final workbench repair; optics acceptance is insufficient,retain evidence and deferred renderer condition,
docs/assembly-experiment/native-remaining/evidence/cross-source-review.md,current-active-asset,process-active,awaiting-review,corresponding dated source commit and frozen evidence,historical ten-gun/workbench acceptance reconciliation,locate explicit owner acceptance for final workbench repair; optics acceptance is insufficient,retain evidence and deferred renderer condition,
docs/assembly-experiment/native-remaining/evidence/delivery.json,current-active-asset,process-active,awaiting-review,corresponding dated source commit and frozen evidence,historical ten-gun/workbench acceptance reconciliation,locate explicit owner acceptance for final workbench repair; optics acceptance is insufficient,retain evidence and deferred renderer condition,
docs/assembly-experiment/native-remaining/evidence/gui-icons/aa12.png,current-active-asset,process-active,awaiting-review,corresponding dated source commit and frozen evidence,historical ten-gun/workbench acceptance reconciliation,locate explicit owner acceptance for final workbench repair; optics acceptance is insufficient,retain evidence and deferred renderer condition,
docs/assembly-experiment/native-remaining/evidence/gui-icons/ai_awp.png,current-active-asset,process-active,awaiting-review,corresponding dated source commit and frozen evidence,historical ten-gun/workbench acceptance reconciliation,locate explicit owner acceptance for final workbench repair; optics acceptance is insufficient,retain evidence and deferred renderer condition,
docs/assembly-experiment/native-remaining/evidence/gui-icons/m700.png,current-active-asset,process-active,awaiting-review,corresponding dated source commit and frozen evidence,historical ten-gun/workbench acceptance reconciliation,locate explicit owner acceptance for final workbench repair; optics acceptance is insufficient,retain evidence and deferred renderer condition,
docs/assembly-experiment/native-remaining/evidence/gui-icons/m870.png,current-active-asset,process-active,awaiting-review,corresponding dated source commit and frozen evidence,historical ten-gun/workbench acceptance reconciliation,locate explicit owner acceptance for final workbench repair; optics acceptance is insufficient,retain evidence and deferred renderer condition,
docs/assembly-experiment/native-remaining/evidence/gui-icons/mk14.png,current-active-asset,process-active,awaiting-review,corresponding dated source commit and frozen evidence,historical ten-gun/workbench acceptance reconciliation,locate explicit owner acceptance for final workbench repair; optics acceptance is insufficient,retain evidence and deferred renderer condition,
docs/assembly-experiment/native-remaining/evidence/gui-icons/p90.png,current-active-asset,process-active,awaiting-review,corresponding dated source commit and frozen evidence,historical ten-gun/workbench acceptance reconciliation,locate explicit owner acceptance for final workbench repair; optics acceptance is insufficient,retain evidence and deferred renderer condition,
docs/assembly-experiment/native-remaining/evidence/gui-icons/qbz_191.png,current-active-asset,process-active,awaiting-review,corresponding dated source commit and frozen evidence,historical ten-gun/workbench acceptance reconciliation,locate explicit owner acceptance for final workbench repair; optics acceptance is insufficient,retain evidence and deferred renderer condition,
docs/assembly-experiment/native-remaining/evidence/gui-icons/scar_h.png,current-active-asset,process-active,awaiting-review,corresponding dated source commit and frozen evidence,historical ten-gun/workbench acceptance reconciliation,locate explicit owner acceptance for final workbench repair; optics acceptance is insufficient,retain evidence and deferred renderer condition,
docs/assembly-experiment/native-remaining/evidence/gui-icons/sks_tactical.png,current-active-asset,process-active,awaiting-review,corresponding dated source commit and frozen evidence,historical ten-gun/workbench acceptance reconciliation,locate explicit owner acceptance for final workbench repair; optics acceptance is insufficient,retain evidence and deferred renderer condition,
docs/assembly-experiment/native-remaining/evidence/gui-icons/uzi.png,current-active-asset,process-active,awaiting-review,corresponding dated source commit and frozen evidence,historical ten-gun/workbench acceptance reconciliation,locate explicit owner acceptance for final workbench repair; optics acceptance is insufficient,retain evidence and deferred renderer condition,
docs/assembly-experiment/native-remaining/evidence/native-workbench-delivery.json,current-active-asset,process-active,awaiting-review,corresponding dated source commit and frozen evidence,historical ten-gun/workbench acceptance reconciliation,locate explicit owner acceptance for final workbench repair; optics acceptance is insufficient,retain evidence and deferred renderer condition,
docs/assembly-experiment/native-remaining/evidence/offline-tests.json,current-active-asset,process-active,awaiting-review,corresponding dated source commit and frozen evidence,historical ten-gun/workbench acceptance reconciliation,locate explicit owner acceptance for final workbench repair; optics acceptance is insufficient,retain evidence and deferred renderer condition,
docs/assembly-experiment/native-remaining/evidence/other-source.md,current-active-asset,process-active,awaiting-review,corresponding dated source commit and frozen evidence,historical ten-gun/workbench acceptance reconciliation,locate explicit owner acceptance for final workbench repair; optics acceptance is insufficient,retain evidence and deferred renderer condition,
docs/assembly-experiment/native-remaining/evidence/public-runtime-review.md,current-active-asset,process-active,awaiting-review,corresponding dated source commit and frozen evidence,historical ten-gun/workbench acceptance reconciliation,locate explicit owner acceptance for final workbench repair; optics acceptance is insufficient,retain evidence and deferred renderer condition,
docs/assembly-experiment/native-remaining/evidence/rifles-source.md,current-active-asset,process-active,awaiting-review,corresponding dated source commit and frozen evidence,historical ten-gun/workbench acceptance reconciliation,locate explicit owner acceptance for final workbench repair; optics acceptance is insufficient,retain evidence and deferred renderer condition,
docs/assembly-experiment/native-remaining/evidence/source-review.json,current-active-asset,process-active,awaiting-review,frozen migration/source ledger and explicit successor records,historical ten-gun/workbench acceptance reconciliation,locate explicit owner acceptance for final workbench repair; optics acceptance is insufficient,retain evidence and deferred renderer condition,tools/native_guns/review_remaining.py
docs/assembly-experiment/native-remaining/evidence/visual-quality-delivery.json,current-active-asset,process-active,awaiting-review,corresponding dated source commit and frozen evidence,historical ten-gun/workbench acceptance reconciliation,locate explicit owner acceptance for final workbench repair; optics acceptance is insufficient,retain evidence and deferred renderer condition,
docs/assembly-experiment/native-remaining/evidence/visual-review.md,current-active-asset,process-active,awaiting-review,corresponding dated source commit and frozen evidence,historical ten-gun/workbench acceptance reconciliation,locate explicit owner acceptance for final workbench repair; optics acceptance is insufficient,retain evidence and deferred renderer condition,
docs/assembly-experiment/optics-batch/README.md,current-active-asset,process-active,working,a3bc3d4e source and d63baddb owner acceptance,optics maintenance and next retirement inventory,retirement has separate old/new ID and saved-item handling decision,retain accepted batch evidence; do not claim retirement complete,
docs/assembly-experiment/optics-batch/package-proof.json,ended-lifecycle-asset,process-closed,closed,a3bc3d4e source and d63baddb owner acceptance,optics maintenance and next retirement inventory,retirement has separate old/new ID and saved-item handling decision,retain accepted batch evidence; do not claim retirement complete,
docs/assembly-experiment/optics-batch/report.json,ended-lifecycle-asset,process-closed,closed,a3bc3d4e source and d63baddb owner acceptance,optics maintenance and next retirement inventory,retirement has separate old/new ID and saved-item handling decision,retain accepted batch evidence; do not claim retirement complete,tools/native_optics/batch.py
docs/assembly-experiment/optics-samples/README.md,ended-lifecycle-asset,process-closed,closed,corresponding dated source commit and frozen evidence,historical review,batch evidence retained; no current execution authorization,retain as traceback,
docs/assembly-experiment/optics-samples/changes.json,ended-lifecycle-asset,process-closed,closed,corresponding dated source commit and frozen evidence,historical review,batch evidence retained; no current execution authorization,retain as traceback,
docs/assembly-experiment/optics-samples/package-proof.json,ended-lifecycle-asset,process-closed,closed,corresponding dated source commit and frozen evidence,historical review,batch evidence retained; no current execution authorization,retain as traceback,
docs/assembly-experiment/temporary-refund-mapping.json,current-active-asset,process-active,working,frozen migration/source ledger and explicit successor records,tools/test_temporary_ammo_refund.py,all executable consumers explicitly migrated and validation passes,retain at current path until consumers exit,tools/test_temporary_ammo_refund.py
docs/assembly-experiment/verification/weapon-merge-experiment-build.log,ended-lifecycle-asset,process-closed,closed,corresponding dated source commit and frozen evidence,historical review,batch evidence retained; no current execution authorization,retain as traceback,
docs/assembly-experiment/verification/weapon-merge-newmod-check.log,ended-lifecycle-asset,process-closed,closed,corresponding dated source commit and frozen evidence,historical review,batch evidence retained; no current execution authorization,retain as traceback,
docs/assembly-experiment/verification/weapon-merge-newmod-lock.log,ended-lifecycle-asset,process-closed,closed,corresponding dated source commit and frozen evidence,historical review,batch evidence retained; no current execution authorization,retain as traceback,
docs/assembly-experiment/weapon-integration-evidence.json,ended-lifecycle-asset,process-closed,closed,corresponding dated source commit and frozen evidence,historical review,batch evidence retained; no current execution authorization,retain as traceback,
docs/assembly-experiment/weapon-module-migration.json,current-active-asset,process-active,working,frozen migration/source ledger and explicit successor records,tools/verify_weapon_modules.py,all executable consumers explicitly migrated and validation passes,retain at current path until consumers exit,tools/verify_weapon_modules.py
docs/assembly-experiment/weapon-source-integration.json,current-active-asset,process-active,working,frozen migration/source ledger and explicit successor records,tools/weapon_migration.py,all executable consumers explicitly migrated and validation passes,retain at current path until consumers exit,tools/weapon_migration.py
docs/assembly-experiment/weapon合并交付.md,ended-lifecycle-asset,process-closed,closed,corresponding dated source commit and frozen evidence,historical review,batch evidence retained; no current execution authorization,retain as traceback,
docs/assembly-experiment/弹药链路与清理.md,global-asset,not-process,current,"current code, author inputs and accepted scope",current maintainers,replace only when implementation or accepted contract changes,maintain current entry; preserve historical evidence separately,
docs/assembly-experiment/整合与组装路线.md,ended-lifecycle-asset,process-closed,closed,corresponding dated source commit and frozen evidence,historical review,batch evidence retained; no current execution authorization,retain as traceback,
docs/assembly-experiment/融合前职责盘点.md,ended-lifecycle-asset,process-closed,closed,corresponding dated source commit and frozen evidence,historical review,batch evidence retained; no current execution authorization,retain as traceback,
docs/assembly-experiment/闭环冲突盘点.md,ended-lifecycle-asset,process-closed,closed,corresponding dated source commit and frozen evidence,historical review,batch evidence retained; no current execution authorization,retain as traceback,
docs/content-isolation/README.md,ended-lifecycle-asset,process-closed,closed,corresponding dated source commit and frozen evidence,historical review,batch evidence retained; no current execution authorization,retain as traceback,
docs/content-isolation/inventory.json,current-active-asset,process-active,working,frozen migration/source ledger and explicit successor records,tools/verify_selected_content.py,all executable consumers explicitly migrated and validation passes,retain at current path until consumers exit,tools/verify_selected_content.py
docs/content-isolation/selection.json,current-active-asset,process-active,working,frozen migration/source ledger and explicit successor records,tools/inventory_newmod.py;tools/verify_selected_content.py,all executable consumers explicitly migrated and validation passes,retain at current path until consumers exit,tools/inventory_newmod.py;tools/verify_selected_content.py
docs/content-isolation/verification.md,ended-lifecycle-asset,process-closed,closed,corresponding dated source commit and frozen evidence,historical review,batch evidence retained; no current execution authorization,retain as traceback,
docs/newmod/README.md,global-asset,not-process,current,"current code, author inputs and accepted scope",current maintainers,replace only when implementation or accepted contract changes,maintain current entry; preserve historical evidence separately,
docs/newmod/cleanup/README.md,ended-lifecycle-asset,process-closed,closed,corresponding dated source commit and frozen evidence,historical review,batch evidence retained; no current execution authorization,retain as traceback,
docs/newmod/cleanup/applied.json,current-active-asset,process-active,working,frozen migration/source ledger and explicit successor records,tools/audit_selected_content.py;tools/inventory_newmod.py;tools/verify_selected_content.py,all executable consumers explicitly migrated and validation passes,retain at current path until consumers exit,tools/audit_selected_content.py;tools/inventory_newmod.py;tools/verify_selected_content.py
docs/newmod/cleanup/code-changes.json,ended-lifecycle-asset,process-closed,closed,corresponding dated source commit and frozen evidence,historical review,batch evidence retained; no current execution authorization,retain as traceback,
docs/newmod/cleanup/plan.json,current-active-asset,process-active,working,frozen migration/source ledger and explicit successor records,tools/verify_cleanup.py,all executable consumers explicitly migrated and validation passes,retain at current path until consumers exit,tools/verify_cleanup.py
docs/newmod/cleanup/verification.json,ended-lifecycle-asset,process-closed,closed,corresponding dated source commit and frozen evidence,historical review,batch evidence retained; no current execution authorization,retain as traceback,
docs/newmod/extra-content/README.md,ended-lifecycle-asset,process-closed,closed,corresponding dated source commit and frozen evidence,historical review,batch evidence retained; no current execution authorization,retain as traceback,
docs/newmod/extra-content/inventory.json,ended-lifecycle-asset,process-closed,closed,corresponding dated source commit and frozen evidence,historical review,batch evidence retained; no current execution authorization,retain as traceback,
docs/newmod/extra-content/removal.json,current-active-asset,process-active,working,frozen migration/source ledger and explicit successor records,tools/verify_cleanup.py;tools/verify_extra_content.py,all executable consumers explicitly migrated and validation passes,retain at current path until consumers exit,tools/verify_cleanup.py;tools/verify_extra_content.py
docs/newmod/inventory/README.md,ended-lifecycle-asset,process-closed,closed,corresponding dated source commit and frozen evidence,historical review,batch evidence retained; no current execution authorization,retain as traceback,
docs/newmod/inventory/ammunition.json,ended-lifecycle-asset,process-closed,closed,corresponding dated source commit and frozen evidence,historical review,batch evidence retained; no current execution authorization,retain as traceback,
docs/newmod/inventory/guns.csv,ended-lifecycle-asset,process-closed,closed,corresponding dated source commit and frozen evidence,historical review,batch evidence retained; no current execution authorization,retain as traceback,
docs/newmod/inventory/guns.json,ended-lifecycle-asset,process-closed,closed,corresponding dated source commit and frozen evidence,historical review,batch evidence retained; no current execution authorization,retain as traceback,
docs/newmod/inventory/resources.json,current-active-asset,process-active,working,frozen migration/source ledger and explicit successor records,tools/verify_cleanup.py,all executable consumers explicitly migrated and validation passes,retain at current path until consumers exit,tools/verify_cleanup.py
docs/newmod/inventory/逐枪盘点.md,ended-lifecycle-asset,process-closed,closed,corresponding dated source commit and frozen evidence,historical review,batch evidence retained; no current execution authorization,retain as traceback,
docs/newmod/selection.json,current-active-asset,process-active,working,frozen migration/source ledger and explicit successor records,tools/verify_cleanup.py,all executable consumers explicitly migrated and validation passes,retain at current path until consumers exit,tools/verify_cleanup.py
docs/newmod/任务盘点.md,global-asset,not-process,current,"current code, author inputs and accepted scope",current maintainers,replace only when implementation or accepted contract changes,maintain current entry; preserve historical evidence separately,
docs/newmod/改动记录.md,ended-lifecycle-asset,process-closed,closed,corresponding dated source commit and frozen evidence,historical review,batch evidence retained; no current execution authorization,retain as traceback,
docs/newmod/文档治理.md,global-asset,not-process,current,"current code, author inputs and accepted scope",current maintainers,replace only when implementation or accepted contract changes,maintain current entry; preserve historical evidence separately,
modules/README.md,global-asset,not-process,current,"current code, author inputs and accepted scope",current maintainers,replace only when implementation or accepted contract changes,maintain current entry; preserve historical evidence separately,
modules/fixture-sources.json,current-active-asset,process-active,working,frozen migration/source ledger and explicit successor records,tools/test_compact_weapon_model_fixtures.py;tools/verify_weapon_modules.py,all executable consumers explicitly migrated and validation passes,retain at current path until consumers exit,tools/test_compact_weapon_model_fixtures.py;tools/verify_weapon_modules.py
modules/public-dependency-lock.json,current-active-asset,process-active,working,frozen migration/source ledger and explicit successor records,build-logic/weapon-modules.gradle;modules/tacz_adapter/tools/validate_weapon_resources.py,all executable consumers explicitly migrated and validation passes,retain at current path until consumers exit,build-logic/weapon-modules.gradle;modules/tacz_adapter/tools/validate_weapon_resources.py
modules/tacz_adapter/README.md,global-asset,not-process,current,"current code, author inputs and accepted scope",current maintainers,replace only when implementation or accepted contract changes,maintain current entry; preserve historical evidence separately,
modules/tacz_adapter/docs/README.md,global-asset,not-process,current,"current code, author inputs and accepted scope",current maintainers,replace only when implementation or accepted contract changes,maintain current entry; preserve historical evidence separately,
modules/tacz_adapter/docs/b2-verification.json,ended-lifecycle-asset,process-closed,closed,corresponding dated source commit and frozen evidence,historical review,batch evidence retained; no current execution authorization,retain as traceback,
modules/tacz_adapter/docs/calibration/adar.html,ended-lifecycle-asset,process-closed,closed,corresponding dated source commit and frozen evidence,historical review,batch evidence retained; no current execution authorization,retain as traceback,
modules/tacz_adapter/docs/calibration/adar.json,ended-lifecycle-asset,process-closed,closed,corresponding dated source commit and frozen evidence,historical review,batch evidence retained; no current execution authorization,retain as traceback,
modules/tacz_adapter/docs/calibration/m4a1.html,ended-lifecycle-asset,process-closed,closed,corresponding dated source commit and frozen evidence,historical review,batch evidence retained; no current execution authorization,retain as traceback,
modules/tacz_adapter/docs/calibration/m4a1.json,ended-lifecycle-asset,process-closed,closed,corresponding dated source commit and frozen evidence,historical review,batch evidence retained; no current execution authorization,retain as traceback,
modules/tacz_adapter/docs/calibration/radian.html,ended-lifecycle-asset,process-closed,closed,corresponding dated source commit and frozen evidence,historical review,batch evidence retained; no current execution authorization,retain as traceback,
modules/tacz_adapter/docs/calibration/radian.json,ended-lifecycle-asset,process-closed,closed,corresponding dated source commit and frozen evidence,historical review,batch evidence retained; no current execution authorization,retain as traceback,
modules/tacz_adapter/docs/devitems-catalog.md,global-asset,not-process,current,"current code, author inputs and accepted scope",current maintainers,replace only when implementation or accepted contract changes,maintain current entry; preserve historical evidence separately,
modules/tacz_adapter/docs/devitems-verification.json,ended-lifecycle-asset,process-closed,closed,corresponding dated source commit and frozen evidence,historical review,batch evidence retained; no current execution authorization,retain as traceback,
modules/tacz_adapter/docs/evidence/devitems-guns.png,ended-lifecycle-asset,process-closed,closed,corresponding dated source commit and frozen evidence,historical review,batch evidence retained; no current execution authorization,retain as traceback,
modules/tacz_adapter/docs/evidence/弹药桥接早期记录.md,ended-lifecycle-asset,process-closed,closed,corresponding dated source commit and frozen evidence,historical review,batch evidence retained; no current execution authorization,retain as traceback,
modules/tacz_adapter/docs/experiment-69b1a3af-runtime.json,ended-lifecycle-asset,process-closed,closed,corresponding dated source commit and frozen evidence,historical review,batch evidence retained; no current execution authorization,retain as traceback,
modules/tacz_adapter/docs/extra-content-verification.json,ended-lifecycle-asset,process-closed,closed,corresponding dated source commit and frozen evidence,historical review,batch evidence retained; no current execution authorization,retain as traceback,
modules/tacz_adapter/docs/presentation-verification.json,ended-lifecycle-asset,process-closed,closed,corresponding dated source commit and frozen evidence,historical review,batch evidence retained; no current execution authorization,retain as traceback,
modules/tacz_adapter/docs/refit-inventory.md,global-asset,not-process,current,"current code, author inputs and accepted scope",current maintainers,replace only when implementation or accepted contract changes,maintain current entry; preserve historical evidence separately,
modules/tacz_adapter/docs/refit-verification.json,ended-lifecycle-asset,process-closed,closed,corresponding dated source commit and frozen evidence,historical review,batch evidence retained; no current execution authorization,retain as traceback,
modules/tacz_adapter/docs/self-built-runtime.md,global-asset,not-process,current,"current code, author inputs and accepted scope",current maintainers,replace only when implementation or accepted contract changes,maintain current entry; preserve historical evidence separately,
modules/tacz_adapter/docs/test-ammo-retirement.json,ended-lifecycle-asset,process-closed,closed,corresponding dated source commit and frozen evidence,historical review,batch evidence retained; no current execution authorization,retain as traceback,
modules/tacz_adapter/docs/test-ammo-retirement.md,global-asset,not-process,current,"current code, author inputs and accepted scope",current maintainers,replace only when implementation or accepted contract changes,maintain current entry; preserve historical evidence separately,
modules/tacz_adapter/docs/weapon-merge-runtime.json,ended-lifecycle-asset,process-closed,closed,corresponding dated source commit and frozen evidence,historical review,batch evidence retained; no current execution authorization,retain as traceback,
modules/tacz_adapter/docs/三枪制作整理结果.md,deprecated-asset,process-closed,closed,canonical-firearm-cutover.md and removal of legacy production source,source/design traceback,batch evidence retained; no current execution authorization,retain with retired-production marker; never execute old commands,
modules/tacz_adapter/docs/三枪资源归属补充结果.md,deprecated-asset,process-closed,closed,canonical-firearm-cutover.md and removal of legacy production source,source/design traceback,batch evidence retained; no current execution authorization,retain with retired-production marker; never execute old commands,
modules/tacz_adapter/docs/外置枪械检查工作台.md,global-asset,not-process,current,"current code, author inputs and accepted scope",current maintainers,replace only when implementation or accepted contract changes,maintain current entry; preserve historical evidence separately,
modules/tacz_adapter/docs/握持瞄准与射击反馈方案.md,deprecated-asset,process-closed,closed,canonical-firearm-cutover.md and removal of legacy production source,source/design traceback,batch evidence retained; no current execution authorization,retain with retired-production marker; never execute old commands,
modules/tacz_adapter/docs/枪械导入流程.md,deprecated-asset,process-closed,closed,canonical-firearm-cutover.md and removal of legacy production source,source/design traceback,batch evidence retained; no current execution authorization,retain with retired-production marker; never execute old commands,
modules/tacz_adapter/public-dependency-lock.json,current-active-asset,process-active,working,frozen migration/source ledger and explicit successor records,build-logic/adapter-integration.gradle,all executable consumers explicitly migrated and validation passes,retain at current path until consumers exit,build-logic/adapter-integration.gradle
modules/tacz_adapter/tools/README.md,global-asset,not-process,current,"current code, author inputs and accepted scope",current maintainers,replace only when implementation or accepted contract changes,maintain current entry; preserve historical evidence separately,
modules/tacz_adapter/weapon-content/README.md,global-asset,not-process,current,"current code, author inputs and accepted scope",current maintainers,replace only when implementation or accepted contract changes,maintain current entry; preserve historical evidence separately,
modules/tacz_adapter/weapon-reports/README.md,ended-lifecycle-asset,process-closed,closed,corresponding dated source commit and frozen evidence,historical review,batch evidence retained; no current execution authorization,retain as traceback,
modules/tacz_adapter/weapon-reports/archive/m4a1/import-report.json,ended-lifecycle-asset,process-closed,closed,corresponding dated source commit and frozen evidence,historical review,batch evidence retained; no current execution authorization,retain as traceback,
modules/tacz_adapter/weapon-reports/archive/radian/import-report.json,ended-lifecycle-asset,process-closed,closed,corresponding dated source commit and frozen evidence,historical review,batch evidence retained; no current execution authorization,retain as traceback,
modules/tacz_adapter/weapon-reports/refactor-20260915/adar/import-report.json,ended-lifecycle-asset,process-closed,closed,corresponding dated source commit and frozen evidence,historical review,batch evidence retained; no current execution authorization,retain as traceback,
modules/tacz_adapter/weapon-reports/refactor-20260915/adar/inputs.json,ended-lifecycle-asset,process-closed,closed,corresponding dated source commit and frozen evidence,historical review,batch evidence retained; no current execution authorization,retain as traceback,
modules/tacz_adapter/weapon-reports/refactor-20260915/comparison.json,ended-lifecycle-asset,process-closed,closed,corresponding dated source commit and frozen evidence,historical review,batch evidence retained; no current execution authorization,retain as traceback,
modules/tacz_adapter/weapon-reports/refactor-20260915/m4a1/import-report.json,ended-lifecycle-asset,process-closed,closed,corresponding dated source commit and frozen evidence,historical review,batch evidence retained; no current execution authorization,retain as traceback,
modules/tacz_adapter/weapon-reports/refactor-20260915/m4a1/inputs.json,ended-lifecycle-asset,process-closed,closed,corresponding dated source commit and frozen evidence,historical review,batch evidence retained; no current execution authorization,retain as traceback,
modules/tacz_adapter/weapon-reports/refactor-20260915/packaging.json,ended-lifecycle-asset,process-closed,closed,corresponding dated source commit and frozen evidence,historical review,batch evidence retained; no current execution authorization,retain as traceback,
modules/tacz_adapter/weapon-reports/refactor-20260915/radian/import-report.json,ended-lifecycle-asset,process-closed,closed,corresponding dated source commit and frozen evidence,historical review,batch evidence retained; no current execution authorization,retain as traceback,
modules/tacz_adapter/weapon-reports/refactor-20260915/radian/inputs.json,ended-lifecycle-asset,process-closed,closed,corresponding dated source commit and frozen evidence,historical review,batch evidence retained; no current execution authorization,retain as traceback,
modules/tacz_adapter/weapon-reports/resource-ownership-20260915/adar/import-report.json,ended-lifecycle-asset,process-closed,closed,corresponding dated source commit and frozen evidence,historical review,batch evidence retained; no current execution authorization,retain as traceback,
modules/tacz_adapter/weapon-reports/resource-ownership-20260915/adar/inputs.json,ended-lifecycle-asset,process-closed,closed,corresponding dated source commit and frozen evidence,historical review,batch evidence retained; no current execution authorization,retain as traceback,
modules/tacz_adapter/weapon-reports/resource-ownership-20260915/comparison.json,ended-lifecycle-asset,process-closed,closed,corresponding dated source commit and frozen evidence,historical review,batch evidence retained; no current execution authorization,retain as traceback,
modules/tacz_adapter/weapon-reports/resource-ownership-20260915/m4a1/import-report.json,ended-lifecycle-asset,process-closed,closed,corresponding dated source commit and frozen evidence,historical review,batch evidence retained; no current execution authorization,retain as traceback,
modules/tacz_adapter/weapon-reports/resource-ownership-20260915/m4a1/inputs.json,ended-lifecycle-asset,process-closed,closed,corresponding dated source commit and frozen evidence,historical review,batch evidence retained; no current execution authorization,retain as traceback,
modules/tacz_adapter/weapon-reports/resource-ownership-20260915/material-migration.json,ended-lifecycle-asset,process-closed,closed,corresponding dated source commit and frozen evidence,historical review,batch evidence retained; no current execution authorization,retain as traceback,
modules/tacz_adapter/weapon-reports/resource-ownership-20260915/migration-comparison.json,ended-lifecycle-asset,process-closed,closed,corresponding dated source commit and frozen evidence,historical review,batch evidence retained; no current execution authorization,retain as traceback,
modules/tacz_adapter/weapon-reports/resource-ownership-20260915/packaging.json,ended-lifecycle-asset,process-closed,closed,corresponding dated source commit and frozen evidence,historical review,batch evidence retained; no current execution authorization,retain as traceback,
modules/tacz_adapter/weapon-reports/resource-ownership-20260915/radian/import-report.json,ended-lifecycle-asset,process-closed,closed,corresponding dated source commit and frozen evidence,historical review,batch evidence retained; no current execution authorization,retain as traceback,
modules/tacz_adapter/weapon-reports/resource-ownership-20260915/radian/inputs.json,ended-lifecycle-asset,process-closed,closed,corresponding dated source commit and frozen evidence,historical review,batch evidence retained; no current execution authorization,retain as traceback,
modules/tacz_adapter/weapon-reports/resource-ownership-20260915/references.json,ended-lifecycle-asset,process-closed,closed,corresponding dated source commit and frozen evidence,historical review,batch evidence retained; no current execution authorization,retain as traceback,
modules/tacz_adapter/weapon-sources/README.md,global-asset,not-process,current,"current code, author inputs and accepted scope",current maintainers,replace only when implementation or accepted contract changes,maintain current entry; preserve historical evidence separately,
modules/tacz_adapter/weapon-sources/native_aa12/build-report.json,current-active-asset,process-active,awaiting-absorption,corresponding author inputs and generator,source regeneration and comparison,next generator run supersedes this snapshot,regenerate through owner tool; do not hand edit,
modules/tacz_adapter/weapon-sources/native_aa12/source-audit.json,current-active-asset,process-active,awaiting-absorption,corresponding author inputs and generator,source regeneration and comparison,next generator run supersedes this snapshot,regenerate through owner tool; do not hand edit,
modules/tacz_adapter/weapon-sources/native_ai_awp/build-report.json,current-active-asset,process-active,awaiting-absorption,corresponding author inputs and generator,source regeneration and comparison,next generator run supersedes this snapshot,regenerate through owner tool; do not hand edit,
modules/tacz_adapter/weapon-sources/native_ai_awp/source-audit.json,current-active-asset,process-active,awaiting-absorption,corresponding author inputs and generator,source regeneration and comparison,next generator run supersedes this snapshot,regenerate through owner tool; do not hand edit,
modules/tacz_adapter/weapon-sources/native_attachments/README.md,global-asset,not-process,current,"current code, author inputs and accepted scope",current maintainers,replace only when implementation or accepted contract changes,maintain current entry; preserve historical evidence separately,
modules/tacz_adapter/weapon-sources/native_glock_17/README.md,global-asset,not-process,current,"current code, author inputs and accepted scope",current maintainers,replace only when implementation or accepted contract changes,maintain current entry; preserve historical evidence separately,
modules/tacz_adapter/weapon-sources/native_glock_17/build-report.json,current-active-asset,process-active,awaiting-absorption,corresponding author inputs and generator,source regeneration and comparison,next generator run supersedes this snapshot,regenerate through owner tool; do not hand edit,
modules/tacz_adapter/weapon-sources/native_glock_17/source-audit.json,current-active-asset,process-active,awaiting-absorption,corresponding author inputs and generator,source regeneration and comparison,next generator run supersedes this snapshot,regenerate through owner tool; do not hand edit,
modules/tacz_adapter/weapon-sources/native_m16a1/build-report.json,current-active-asset,process-active,awaiting-absorption,corresponding author inputs and generator,source regeneration and comparison,next generator run supersedes this snapshot,regenerate through owner tool; do not hand edit,
modules/tacz_adapter/weapon-sources/native_m16a1/source-audit.json,current-active-asset,process-active,awaiting-absorption,corresponding author inputs and generator,source regeneration and comparison,next generator run supersedes this snapshot,regenerate through owner tool; do not hand edit,
modules/tacz_adapter/weapon-sources/native_m4a1/README.md,global-asset,not-process,current,"current code, author inputs and accepted scope",current maintainers,replace only when implementation or accepted contract changes,maintain current entry; preserve historical evidence separately,
modules/tacz_adapter/weapon-sources/native_m4a1/editable-import-report.json,current-active-asset,process-active,awaiting-absorption,corresponding author inputs and generator,source regeneration and comparison,next generator run supersedes this snapshot,regenerate through owner tool; do not hand edit,
modules/tacz_adapter/weapon-sources/native_m4a1/editable/README.md,global-asset,not-process,current,"current code, author inputs and accepted scope",current maintainers,replace only when implementation or accepted contract changes,maintain current entry; preserve historical evidence separately,
modules/tacz_adapter/weapon-sources/native_m4a1/editable/batch-import-report.json,current-active-asset,process-active,awaiting-absorption,corresponding author inputs and generator,source regeneration and comparison,next generator run supersedes this snapshot,regenerate through owner tool; do not hand edit,
modules/tacz_adapter/weapon-sources/native_m4a1/editable/blockbench-check.json,current-active-asset,process-active,awaiting-absorption,corresponding author inputs and generator,source regeneration and comparison,next generator run supersedes this snapshot,regenerate through owner tool; do not hand edit,
modules/tacz_adapter/weapon-sources/native_m4a1/editable/remaining-import-report.json,current-active-asset,process-active,awaiting-absorption,corresponding author inputs and generator,source regeneration and comparison,next generator run supersedes this snapshot,regenerate through owner tool; do not hand edit,
modules/tacz_adapter/weapon-sources/native_m700/build-report.json,current-active-asset,process-active,awaiting-absorption,corresponding author inputs and generator,source regeneration and comparison,next generator run supersedes this snapshot,regenerate through owner tool; do not hand edit,
modules/tacz_adapter/weapon-sources/native_m700/source-audit.json,current-active-asset,process-active,awaiting-absorption,corresponding author inputs and generator,source regeneration and comparison,next generator run supersedes this snapshot,regenerate through owner tool; do not hand edit,
modules/tacz_adapter/weapon-sources/native_m870/build-report.json,current-active-asset,process-active,awaiting-absorption,corresponding author inputs and generator,source regeneration and comparison,next generator run supersedes this snapshot,regenerate through owner tool; do not hand edit,
modules/tacz_adapter/weapon-sources/native_m870/source-audit.json,current-active-asset,process-active,awaiting-absorption,corresponding author inputs and generator,source regeneration and comparison,next generator run supersedes this snapshot,regenerate through owner tool; do not hand edit,
modules/tacz_adapter/weapon-sources/native_mk14/build-report.json,current-active-asset,process-active,awaiting-absorption,corresponding author inputs and generator,source regeneration and comparison,next generator run supersedes this snapshot,regenerate through owner tool; do not hand edit,
modules/tacz_adapter/weapon-sources/native_mk14/source-audit.json,current-active-asset,process-active,awaiting-absorption,corresponding author inputs and generator,source regeneration and comparison,next generator run supersedes this snapshot,regenerate through owner tool; do not hand edit,
modules/tacz_adapter/weapon-sources/native_p90/build-report.json,current-active-asset,process-active,awaiting-absorption,corresponding author inputs and generator,source regeneration and comparison,next generator run supersedes this snapshot,regenerate through owner tool; do not hand edit,
modules/tacz_adapter/weapon-sources/native_p90/source-audit.json,current-active-asset,process-active,awaiting-absorption,corresponding author inputs and generator,source regeneration and comparison,next generator run supersedes this snapshot,regenerate through owner tool; do not hand edit,
modules/tacz_adapter/weapon-sources/native_qbz_191/build-report.json,current-active-asset,process-active,awaiting-absorption,corresponding author inputs and generator,source regeneration and comparison,next generator run supersedes this snapshot,regenerate through owner tool; do not hand edit,
modules/tacz_adapter/weapon-sources/native_qbz_191/source-audit.json,current-active-asset,process-active,awaiting-absorption,corresponding author inputs and generator,source regeneration and comparison,next generator run supersedes this snapshot,regenerate through owner tool; do not hand edit,
modules/tacz_adapter/weapon-sources/native_scar_h/build-report.json,current-active-asset,process-active,awaiting-absorption,corresponding author inputs and generator,source regeneration and comparison,next generator run supersedes this snapshot,regenerate through owner tool; do not hand edit,
modules/tacz_adapter/weapon-sources/native_scar_h/source-audit.json,current-active-asset,process-active,awaiting-absorption,corresponding author inputs and generator,source regeneration and comparison,next generator run supersedes this snapshot,regenerate through owner tool; do not hand edit,
modules/tacz_adapter/weapon-sources/native_scar_l/build-report.json,current-active-asset,process-active,awaiting-absorption,corresponding author inputs and generator,source regeneration and comparison,next generator run supersedes this snapshot,regenerate through owner tool; do not hand edit,
modules/tacz_adapter/weapon-sources/native_scar_l/source-audit.json,current-active-asset,process-active,awaiting-absorption,corresponding author inputs and generator,source regeneration and comparison,next generator run supersedes this snapshot,regenerate through owner tool; do not hand edit,
modules/tacz_adapter/weapon-sources/native_sks_tactical/build-report.json,current-active-asset,process-active,awaiting-absorption,corresponding author inputs and generator,source regeneration and comparison,next generator run supersedes this snapshot,regenerate through owner tool; do not hand edit,
modules/tacz_adapter/weapon-sources/native_sks_tactical/source-audit.json,current-active-asset,process-active,awaiting-absorption,corresponding author inputs and generator,source regeneration and comparison,next generator run supersedes this snapshot,regenerate through owner tool; do not hand edit,
modules/tacz_adapter/weapon-sources/native_ump45/README.md,global-asset,not-process,current,"current code, author inputs and accepted scope",current maintainers,replace only when implementation or accepted contract changes,maintain current entry; preserve historical evidence separately,
modules/tacz_adapter/weapon-sources/native_ump45/build-report.json,current-active-asset,process-active,awaiting-absorption,corresponding author inputs and generator,source regeneration and comparison,next generator run supersedes this snapshot,regenerate through owner tool; do not hand edit,
modules/tacz_adapter/weapon-sources/native_ump45/source-audit.json,current-active-asset,process-active,awaiting-absorption,corresponding author inputs and generator,source regeneration and comparison,next generator run supersedes this snapshot,regenerate through owner tool; do not hand edit,
modules/tacz_adapter/weapon-sources/native_uzi/build-report.json,current-active-asset,process-active,awaiting-absorption,corresponding author inputs and generator,source regeneration and comparison,next generator run supersedes this snapshot,regenerate through owner tool; do not hand edit,
modules/tacz_adapter/weapon-sources/native_uzi/source-audit.json,current-active-asset,process-active,awaiting-absorption,corresponding author inputs and generator,source regeneration and comparison,next generator run supersedes this snapshot,regenerate through owner tool; do not hand edit,
modules/tacz_adapter/weapon-sources/optics/README.md,global-asset,not-process,current,"current code, author inputs and accepted scope",current maintainers,replace only when implementation or accepted contract changes,maintain current entry; preserve historical evidence separately,
modules/weapon_assembly/README.md,ended-lifecycle-asset,process-closed,closed,corresponding dated source commit and frozen evidence,historical review,batch evidence retained; no current execution authorization,retain as traceback,
modules/weapon_assembly/docs/fixture-source.json,ended-lifecycle-asset,process-closed,closed,corresponding dated source commit and frozen evidence,historical review,batch evidence retained; no current execution authorization,retain as traceback,
modules/weapon_assembly/docs/gunsmith原型梳理.md,ended-lifecycle-asset,process-closed,closed,corresponding dated source commit and frozen evidence,historical review,batch evidence retained; no current execution authorization,retain as traceback,
modules/weapon_assembly/docs/model-fixtures-verification.json,ended-lifecycle-asset,process-closed,closed,corresponding dated source commit and frozen evidence,historical review,batch evidence retained; no current execution authorization,retain as traceback,
modules/weapon_assembly/docs/verification.json,ended-lifecycle-asset,process-closed,closed,corresponding dated source commit and frozen evidence,historical review,batch evidence retained; no current execution authorization,retain as traceback,
modules/weapon_assembly/docs/测试策略.md,ended-lifecycle-asset,process-closed,closed,corresponding dated source commit and frozen evidence,historical review,batch evidence retained; no current execution authorization,retain as traceback,
modules/weapon_assembly/docs/界面接入方案.md,ended-lifecycle-asset,process-closed,closed,corresponding dated source commit and frozen evidence,historical review,batch evidence retained; no current execution authorization,retain as traceback,
modules/weapon_assembly/docs/算法合同.md,global-asset,not-process,current,"current code, author inputs and accepted scope",current maintainers,replace only when implementation or accepted contract changes,maintain current entry; preserve historical evidence separately,
modules/weapon_assembly/docs/验证记录.md,ended-lifecycle-asset,process-closed,closed,corresponding dated source commit and frozen evidence,historical review,batch evidence retained; no current execution authorization,retain as traceback,
modules/weapon_assembly/model-fixtures/README.md,ended-lifecycle-asset,process-closed,closed,corresponding dated source commit and frozen evidence,historical review,batch evidence retained; no current execution authorization,retain as traceback,
modules/weapon_assembly/src/main/resources/META-INF/licenses/EFTForge-MIT.txt,global-asset,not-process,current,corresponding dated source commit and frozen evidence,all distributors,never remove required attribution,preserve unchanged,
modules/weapon_assembly_ui/README.md,ended-lifecycle-asset,process-closed,closed,corresponding dated source commit and frozen evidence,historical review,batch evidence retained; no current execution authorization,retain as traceback,
modules/weapon_assembly_ui/docs/verification.json,ended-lifecycle-asset,process-closed,closed,corresponding dated source commit and frozen evidence,historical review,batch evidence retained; no current execution authorization,retain as traceback,
modules/weapon_assembly_ui/docs/组装台完整方案.md,current-active-asset,process-active,awaiting-review,"current code, author inputs and accepted scope",workbench behavior and acceptance owner,its own product acceptance matrix resolved,retain contract and renderer follow-up condition,
modules/weapon_assembly_ui/材质使用说明.md,deprecated-asset,process-closed,closed,canonical-firearm-cutover.md and removal of legacy production source,source/design traceback,batch evidence retained; no current execution authorization,retain with retired-production marker; never execute old commands,
modules/weapon_runtime/README.md,ended-lifecycle-asset,process-closed,closed,corresponding dated source commit and frozen evidence,historical review,batch evidence retained; no current execution authorization,retain as traceback,
readme.md,global-asset,not-process,current,"current code, author inputs and accepted scope",current maintainers,replace only when implementation or accepted contract changes,maintain current entry; preserve historical evidence separately,
src/main/resources/assets/tacz/custom/tacz_default_gun/README.txt,current-active-asset,not-process,current,runtime resource consumers,loader or upstream resource instructions,consumer removal requires separate dependency proof,untouched operational text resource,
src/main/resources/kubejs.classfilter.txt,current-active-asset,not-process,current,runtime resource consumers,loader or upstream resource instructions,consumer removal requires separate dependency proof,untouched operational text resource,
src/main/resources/kubejs.plugins.txt,current-active-asset,not-process,current,runtime resource consumers,loader or upstream resource instructions,consumer removal requires separate dependency proof,untouched operational text resource,
status.md,global-asset,not-process,current,"current code, author inputs and accepted scope",current maintainers,replace only when implementation or accepted contract changes,maintain current entry; preserve historical evidence separately,
tools/native_attachments/README.md,global-asset,not-process,current,"current code, author inputs and accepted scope",current maintainers,replace only when implementation or accepted contract changes,maintain current entry; preserve historical evidence separately,
tools/native_guns/README.md,global-asset,not-process,current,"current code, author inputs and accepted scope",current maintainers,replace only when implementation or accepted contract changes,maintain current entry; preserve historical evidence separately,
